id_podmiotu,imie,nazwisko,pesel
1,Lakota,Lestenkof,44631491349
2,Henry,Wilson,29179895394
3,Jeannine,Silva,34929999913
4,Wasmaaa,al-Dib,96813929461
5,Sidea,Gishu,14279269713
6,John,Trejo,19424266492
7,Qaasim,el-Bacho,33696573284
8,Kaitlin,Scaglione,36779658789
9,Deanna,Etzenhouser,41552847449
10,Naytasha,Perkins,44765978135
11,Josue,Garza,31886264237
12,Brunson,Heikes,66986426531
13,Jennifer,Elfvin,76335295597
14,Jacob,Cuthair,77952875813
15,Gordon,Colson,65321864124
16,Rachel,Sigala,79864941582
17,Edgar,Bustillos,79862621318
18,Tanner,Cleek,77565726557
19,Keli,Mossholder,45555956322
20,Davonte,Orlowske,51344137989
21,Cierra,Howell,68334781341
22,Jesse,Estrada,75125667315
23,Annie,Schaad,85387543572
24,Kyana,Gutierrez,63759179883
25,Jerrell,Wallace,88762188654
26,Shyheim,Gill,44362172969
27,Garrett,Gefke,67974495532
28,Daamir,el-Ismael,85292728468
29,Michael,Johnson,59298368374
30,Joseph,Robles,41728945671
31,Tanisha,Ordunez,81217323978
32,Heather,Percell,85478228615
33,Madison,Hopkins,53792741552
34,Mitchel,Teply,19321911222
35,Shaahir,al-Nasr,85883891685
36,Zuhaira,al-Baluch,38591863426
37,Shakir,Sheppard,14162975163
38,Dominick,Gonzales,83758498947
39,Saood,el-Ghattas,16133464488
40,Isiah,Sobrevilla,42147386112
41,Wyatt,Sorrell,23599283821
42,Brandon,Clark,38153591139
43,Andrew,Lena,66672122273
44,Joshua,Solorio,36577595768
45,Kayin,Pona,95238561834
46,Lindsey,Zhang,46868944623
47,Damion,Davis,71234142797
48,Nichelle,Hunter,24718978522
49,Ebone,Mensah,59961947341
50,Shawn,Barron,76445441756
51,Irving,Boimbo,85428155966
52,Stefanie,Pena,65433128117
53,Alec,Han,24618966523
54,Brandon,Sands,74254198743
55,Moosha,al-Amara,69478647458
56,Sarah,Lefor,57661711334
57,Ellis,Seo,85544744112
58,Asmar,al-Jamil,87269212916
59,Paepae,Singh,36196398417
60,Jawhara,al-Baccus,25845356316
61,Kaylee,O'Nan,59926611691
62,Kevin,Gershman,31292466833
63,Brian,Jefferson,84896124858
64,Aasima,al-Mohammed,71657888387
65,Jordan,Cannady,29785318492
66,Sanaaa,al-Rais,31733649135
67,Krystal,Rios Saenz,51754541722
68,Dhiana,Stevenson,44476566258
69,Macella,Billsie,46165227752
70,Miranda,Griego,28522137865
71,Devon,Bayless,18558236511
72,Heaven,Woodard,26782333586
73,Alizay,Hesli,24693891516
74,Richard,Palmier,23441526295
75,Abdul Quddoos,el-Shams,57193698547
76,Shaterra,El-Meniawi,17677184567
77,Munisa,el-Halaby,52441745919
78,Van,Brinkmann,24365929783
79,Barbara,Waite,13785919551
80,Hadiyya,el-Salam,52476637549
81,Erik,Flynn,68349182273
82,Rita,Cornish,95524938985
83,James,Bah,57217966699
84,Gara,Underwood,47529162764
85,Pazao,Jenks,15387926811
86,Jose,Cook,28689857416
87,Jonatan,Sena-Opdyke,27394696916
88,Kristen,Sanni,25226528562
89,Arkaan,al-Sarah,68588753345
90,David,Chavez,63392537249
91,James,Mcdaniels,36555736583
92,Bryan,Ibarra Guerrero,79619822278
93,Tony,Chavez,96325658435
94,Sarah,Robbins,46984788691
95,Paulina,Buscemi,15868348435
96,Marissa,Hollowell,75662164241
97,Ashraf,al-Karim,58252227439
98,Ethan,Seto,39425998456
99,Toua,Graham,74927772267
100,Darryl,Smith,73698379227
101,Philip,Apodaca Cordova,18938981723
102,Cade,Beehler,41834395753
103,Kateri,Garden,69853558141
104,Rif'a,al-Sesay,35188963619
105,Gogi,Livesay,72635763555
106,Chloe,Clemente-Perez,37611424277
107,Richard,Thierens,98396795221
108,Courtney,Majzner,84575772236
109,Mariah,Robertson,15986353146
110,Ryan,Padilla,57958885193
111,Zaaid,al-Noor,43535342451
112,Treauna,Russell,12415836237
113,Rueben,Quintana,79261832397
114,Precious,Pray,54285749236
115,Nathan,Beebe,96454773258
116,Kynan,Castro,93432616521
117,Lindsey,Carnahan,21164345145
118,Malcolm,Perkins,18946175869
119,Nazmiyya,el-Mahfouz,85496585415
120,Carlos,Valdez,68434262326
121,Gregory,Holland,15445879868
122,Najwa,al-Dada,67433194458
123,Shaqeeqa,al-Selim,25313663895
124,Oshanee,Patterson,62576884614
125,Ashtyn,Vigil,99567664947
126,Mary,Brown,97372421555
127,Rachel,Bellamy,35846575185
128,Evelyn,Schneider,77275291179
129,William,Forster,73255668638
130,Lamar,Byer,93341997559
131,Rondora,Evans,76281416431
132,Musaaid,el-Asad,25394693176
133,Juan,Ortega,92981689827
134,Cora,Dunbar,57135689158
135,Hunter,Nuon,75975463967
136,Shahaama,al-Dada,74565167383
137,Carlos,Aguilar,91257528684
138,Elizabeth,Valles,38966783159
139,Estevan,Ibarra,38254852972
140,Abdur Rasheed,el-Naqvi,12951951785
141,Nilo,Trujillo,26846249238
142,Rahma,al-Afzal,62544885499
143,Aramis,Kelley,48178536965
144,Jamal,Gill,37799915199
145,Jesus,Garcia,61538464163
146,Joseph,Proctor,96774718432
147,Azza,Ham,84259134684
148,Roshni,Ohno,63449557741
149,Ola,Benschop,12585645288
150,Bryanna,Watkins,88991463232
151,Catarina,Buehler,47646849985
152,Zachary,Shepelev,97958343633
153,Elijah,Watson,28348984773
154,Richard,Thapa,39482516476
155,Prisca,Onpeng,42711325573
156,Orozcocesar,Sepeda,19342838766
157,Alexandria,Bustamante,66446256237
158,Joshua,Thao,97682735344
159,Raquel,Waggle,76656422391
160,Sarah,Nagashima,58798858384
161,Savanah,Barron,72753626333
162,Justin,Dhillon,38885712386
163,Ana,Flores,69486545215
164,Eli,Martinez,57831366235
165,Maggie,Salas,84242351166
166,Sierra,Stewart,69456647574
167,Marcus,Mccarthy,23643767835
168,Tameema,el-Mahmood,13713293727
169,Nazeeha,al-Ghazal,27163423811
170,Michael,Mckenzie,18582631229
171,Baylee,Landrum,61415936155
172,Jose,Garcia Garcia,24997891889
173,Toni,Morris,93775383729
174,Gia,Phantharangsy,79989691442
175,Evan,Lee,68396661924
176,Marinah,Malloy-Schulte,54214878272
177,Brandon,Wilson,39388711793
178,Brenda,Cano,96488961331
179,Mary,Huffstater,55384413517
180,Brittany,Sanders,39599777883
181,Mariah,Nocon,57487216394
182,Brandon,Allen,49787812932
183,Taylor,Short,58873583896
184,Sarah,Whiteplume,58344268824
185,Cheyenne,Sweetwater,26518216316
186,Shauntino,Berry,47642636115
187,Bassaam,al-Pirani,67195493977
188,Sharaf,el-Nasr,17776557147
189,Brendan,Santaguida,91534371544
190,Shawn,Archambault,96737142951
191,Jett,Rugg,39987139997
192,Pakou,Niedringhaus,93979853775
193,Nena,Little,78682184766
194,Jo'Vonte,Gilmore,32433829468
195,Shamira,Reed,95766878445
196,Nathaniel,Thorson,56463895946
197,Olivia,Gil,34255239985
198,Antoine,Trujillo,21484579756
199,Alejandro,Randall,67268926557
200,Yazmin,Woten,73852787726
201,Lynn,Tiger,34639992631
202,Shawn,Liu,46586184375
203,Jagger,Smith,29439869922
204,Marc,Haro,14356522467
205,Lindsay,Nguyen,46712358713
206,Maria,Gurrola,46579397157
207,Ariel,Zhang,54399193856
208,Lynel,Pak,18251129491
209,Trevor,Cruz,16282347536
210,Pratik,Elfring,68817618638
211,Isiah,Butler,52172214247
212,Sheridan,Kingsford,44539559153
213,Joyyre,Thomas,49115166969
214,Joseph,Arriaga,26271967847
215,Mikayla,Herrera,63158171198
216,Naseeba,al-Salahuddin,18116515284
217,Christopher,Ibarra,78813973293
218,Christopher,Young,64237981791
219,Lily,Chung,94748273158
220,Justin,Lee,22974298579
221,Elizabeth,Farabee,44988391731
222,Zachary,Deloach,91272487191
223,Shannon,Lapaz,95116377278
224,Tavaughn,Pough,55882869425
225,Tuan,Naple,83148294776
226,Brandon,Walker,78965271776
227,Mitchelle,Kills In Sight,25541911355
228,Dallys,Holum,45766412655
229,Isis,Palma,83786459963
230,Andrew,Trujillo,45562563719
231,Adau,Pyos,12238515266
232,Marquan,Amin,97253182639
233,Levi,Beardslee,56581217616
234,Joshua,Walker,64335128647
235,Otoniel,Sosa,93714565454
236,Jesus,Trujillo,95238973194
237,Drue,Mrazik,75592642111
238,Nazeeha,al-Rahmani,26526934249
239,Alejandro,Montoya,54231559895
240,Angelica,Sanchez,52676778549
241,Leticia,Olguin Mauricio,18562985622
242,Shanice,Griego,24726224329
243,Dedra,Mckinney,79549576518
244,Remon,Mitchell,24687256475
245,Sonia,Yepez,98282947294
246,Mikayla,Jones,37887864464
247,Summer,Hall,13131839862
248,Kristopher,Batrez,33142444796
249,Isaiah,Levier,39341968687
250,Shelby,Johnson,28222983178
251,Tayler,Cross,91956155795
252,Wadee'a,al-Assaf,65771428918
253,Jaleela,al-Niazi,18361786167
254,Jathan,Jackson,11367721579
255,Bryce,Wysocki,89439436663
256,Tino,Alfaro,32452715479
257,Dylan,Davis,22854579891
258,Arianna,Matlala,95195436515
259,Nicholas,Bornhoft,63823589785
260,Neyla,Lamorie,23557461981
261,Mahaa,el-Haq,44567168212
262,Rorie,Jones,46397833771
263,Ramzi,al-Ahsan,94682424142
264,Glynn,Mcdaniel,11689548234
265,Trevor,Palmer Polk,82161114399
266,Kristen,Montoya,82146665818
267,Mahboob,el-Rais,13786695156
268,Deion,Fields,22912822872
269,Muaaid,el-Semaan,86462625281
270,Maryssa,Gallegos,88612227597
271,Devon,Harris,49866826346
272,Umaima,al-Semaan,15531354348
273,Khalie,Spivey,92693669167
274,Nicole,Palomino,53142239412
275,Austin,Fultz,95361473277
276,Erich,Alexander,54245419281
277,Malik,Nimmons,41261867673
278,David,Mizokami,59677238517
279,Stephanie,Hagen,51512815452
280,Alejandra,Gaeta,13675883598
281,Denisee,Gabriel,85379638575
282,Zacharias,Kairamkonda,45331187391
283,John,Yamamoto,27655943834
284,Angelo,Polk,73982647654
285,Kaylie,Anderson,33291998438
286,Khampeng,Zahid,95348637233
287,Morgan,Trujillo,56687129773
288,Makenna,Lipson,21485231593
289,Timothy,Avilova,44393382282
290,Sebastian,Webster,86922723614
291,Julian,Vigil,83865745619
292,Andrew,Moya,81248931415
293,Muntasir,al-Arshad,24394111829
294,Dory,Trent,66421349171
295,Lauren,Gaskins,48228454394
296,Jawhara,el-Rad,93854667137
297,Isaac,Shoeboot,49926255476
298,Christian,Woods,82983286315
299,Awaatif,el-Baddour,89497898339
300,Joel,Rodriguez,38174462391
301,Marie,Stephens,77679865812
302,Taamira,el-Jamal,54578957673
303,Raymond,Nunez,84175191831
304,Joseph,Lucero,88839233963
305,Rubecca,Lee,18435874668
306,Shade,Duarte-Lopez,74321916528
307,Rosendo,Barreto,99742385824
308,Pao,Xi,22338522818
309,Martin,Sabala,48728236495
310,Jonathan,Jarvis,12297155419
311,Chukwudi,David,35426849987
312,Syerra,Holgate,87914817172
313,A Jhi,Mosley,61694739752
314,Kara,Perez Romero,98886176459
315,Gabriela,Arias,26748273251
316,Jean,Causey,67988362692
317,Gabriel,Rienks III,67299599574
318,Marnita,Young,86149285912
319,Eli,Williams,97552544727
320,Gabriel,Maurer,21334257159
321,Kanesha,Barnes,16694937784
322,Nu'maan,el-Darwish,25772239291
323,Silvester,Vanderpool,37426483189
324,Fredrick,Lopez Jr,61694826445
325,Mikail,Folsom,92758373182
326,Dominic,Hadden,54827118521
327,Stephen,Wood,57564416465
328,Annika,Kim,73652562876
329,Chelsi,Ayers,14194388554
330,Damon,Melonas,81293335313
331,Noah,Herbert,85782151415
332,Michael,Slaughter,95148464891
333,Avery,Watkins,85869591677
334,Monica,Munoz Rivera,97247251433
335,Suhail,al-Naqvi,65391992135
336,Rihaab,el-Jan,56528854686
337,Phillip,Caster,54774575696
338,Vinson,Boucher,32213974629
339,Wadha,el-Karimi,87819487691
340,Ghaada,el-Jamail,83159959752
341,Shyanne,Burcher,61466923396
342,Jeffrey,Regur,93527175786
343,Erin,Salazar,78325911737
344,Jeanne Marie,Barchenger,86327251668
345,Coleman,Porteus,64238969319
346,Shane,Grainda,22931824874
347,Tanner,Woods,37191111784
348,Mundhir,el-Mahdavi,83661858316
349,Kasia,Mcqueary,47375468262
350,Keiana,Evans,19358515654
351,Shelbie,Mills,38498435922
352,Ania,Garcia,46534615961
353,Ronni,Boykin,11196861753
354,Jesse,Rivera,13924213388
355,Ismaeel,el-Sami,58861255718
356,Leah,Whitney,23976996649
357,Victor,Galindo,94862598922
358,Tayler,Root,52235343964
359,Amy,Quiban,96898944493
360,Carmen,Carroll,26387437218
361,Linh,Ho,73975916735
362,Randy,Richmond,29934285659
363,Taalib,al-Ramin,74177157494
364,Alfred,Gomez,22288154214
365,Marlon,Romero-Kuehr,44124867147
366,Ethan,Soto Escobar,15892735263
367,Karladejesus,Diaz-Lopez,54625892715
368,Mutee'a,el-Radwan,99937912385
369,Cydnie,Suggs,15482665863
370,Shyvaughn,Eagle,57869781961
371,Yingsi,Vue,28452936452
372,Ghazaala,el-Mir,46729988818
373,Kateri,Begay,95134897574
374,Musaaid,el-Rahaim,12987146917
375,Michael,Burney,99732836958
376,Madison,Hensley,25899667679
377,Pari,Burke,28587554798
378,Jonathan,Williams Jr,85861443669
379,Autumn,Tesfaye,25479746798
380,Mahek,Ardito,57248935455
381,Kayla,Cooter,79277276161
382,Waatiq,el-Rasheed,13558518122
383,Yazmine,Bentley,68178839156
384,Johney,Cote,87897115712
385,Maribel,Alvarado,85872154259
386,Sasha,Wells,95494258148
387,Micah,Housley,16375247987
388,Luis,Nagode,27744548343
389,Adam,Sengsavath,86473246763
390,Raadi,al-Shaker,13267668773
391,Jian,Cabanting,33239645348
392,Rumaana,el-Bey,74187137851
393,Brandon,Tellez,58259969953
394,Resha,Curry,21682746138
395,Shay,Cox,51873549736
396,Jordan,Shot At,41729346536
397,Daianna,Patterson,12861671636
398,Anthony,Dever,11441544662
399,Andre,Bell,56513782813
400,Naren,Hiraoka,24911315485
401,Jonathan,Lee,37924718831
402,Afaaf,al-Rashed,45448694357
403,Rayyaan,al-Odeh,62557954937
404,Camille,Mcnew,52938157251
405,Jeffrey,Ralph,29617686275
406,Andre,Mathis,72599385477
407,Rylie,Nicholas,44843934829
408,James,Ryen,85547592697
409,Marissa,Cortez,15384641896
410,Cindy,Makooi,68999293399
411,Kara,Mcnaughton,32847518114
412,Samuel,Williams,53698441797
413,Sabrina,Nguyen,59426649155
414,Courtney,Phegley,48297479559
415,Hershel,Vega,49294928874
416,Melana,Rodriguez,68743558523
417,Nicholas,Palmer,75925816169
418,Jopour,Wright,48435444137
419,Masroora,el-Siddiqui,71791644974
420,Alec,Lee,29429471627
421,Sebastian,Segura,62267344697
422,Linda,Hofferber,62771585555
423,Aspasia,Vega,36317811297
424,Travis,Coen,13492542779
425,Matthew,Lor,97561466723
426,Ricky,Taylor,68821872163
427,Kyle,Hess,32439666673
428,Dontay,Mills,12356513776
429,Mica,Manuel,87124925592
430,Katie,Motycka,53363413299
431,Haley,Kazemi,63633114164
432,Uqbah,al-Kamara,62818378372
433,Jessica,Arellano,67684673627
434,Aarif,el-Hoque,87386794614
435,Joshua,Abachiche,69899873711
436,Kameron,Jones,84912228594
437,Auzhane,Raposa,55875151167
438,Matthew,Bohney,58139128289
439,Adrian,Nguyen,56985398541
440,Wesley,Guerra,83237457392
441,Gabriel,Finley,87386861976
442,Aakif,el-Moghaddam,57378976661
443,Joshua,Neuhaus,91789865758
444,Cierra,Harris,54883263674
445,Rachanna,Vo,68146242458
446,Mardiyya,el-Azam,62468296477
447,Marissa,Jackson,77974516456
448,Kaleb,Anderson,28253178295
449,Bethany,Lee,74972849154
450,Jordan,Farr,29912435654
451,Zayyaan,al-Siddiqui,17973159545
452,John,Kulig,54179932128
453,Alyshah,Baker,12919378324
454,Elisha,Sepolen,69895712516
455,Brandon,Chesson,19929719628
456,Byunghyun,Mortel,29639965251
457,Victoria,Pham,93964643153
458,Haazima,al-Noori,59793663315
459,Georgina,Hoffman,55887141811
460,Jeremiah,Lafebre,33344315966
461,Edward,Oh,72466646877
462,Hamaama,al-Bina,33668638819
463,Joel,Perez,24134175865
464,Ruby,Archuleta,53439868953
465,Delray,Kirby,64698499142
466,Michael,Edmondson,47374725252
467,Jalond,Smith,69953615495
468,Chelsa,Colunga,85238662651
469,Marco,Gaona-Ceballos,25665555469
470,Tajanae,Mcmillian,18291713369
471,Jason,Wray,95511872697
472,Joseph,Olivas,65458146519
473,Kathy,Fifita,47174544756
474,Babalu,Tanghal,53585517948
475,Harrison,Fairbanks,49918399978
476,Sarah,Roberts,69365717234
477,Cassandra,Pacheco,81811534781
478,Karina,Ramirez,45251892851
479,Vanessa,Sulub,28629831431
480,Sharee,Martin,68437571837
481,Eleanor,Nguyen,55686574953
482,Tevin,Welch,47993841619
483,Umair,al-Matin,57158163611
484,Kacie,Mielke,19257641479
485,George,Balderas,46237221467
486,Jalil,Anderson,81818512384
487,Sabrina,Buck,33371735732
488,Kabeer,el-Moradi,62895963256
489,Haifaaa,el-Abid,12873828322
490,Veronica,Butcher,52489376814
491,Cleveland,Stevenson,99182186732
492,Keith,Aslamy,76553136651
493,Joseph,Degraaf,16492631497
494,Daniel,Galan,23166275274
495,Annika,Vang,68938331755
496,Robert,Dul,95783938574
497,Amanda,Swift,13319822217
498,Danzig,Mcclaskey,43311449245
499,Adrian,Trujillo,19274866272
500,Karina,Tamez,94964739381
